project;#commits;#authors;From;To;#stars;#forks;LastGHCommitDate;LongestGapStart (YYYY-MM);LongestGapEnd (YYYY-MM);LongestGapLength (months);NumCommitsAfterLastGap;NumberOfGapsInTimeline;ActivityPattern;BeforeThemes;AfterThemes;Currentstatus;RecentThemes;HypothesizedGapReason;HasRecovered;WhyRecovered;WhoRecovered;Notes
andreatramacere_jetset;1802;11;1513267133;1777126784;43;15;2024-09-11;2018-05;2018-10;6;1771;2;irregular;Bug fixes:Feature development;Other:Bug fixes;Active;Documentation updates:Release;Seemed like the project "finished", therfore, not a lot of work needed to be done;Yes;There were very large recent commits, about 100+ commits;"Returning: andrea tramacere <andrea.tramacere@gmail.com>; New: AlexKurek <aleksander.kurek@uj.edu.pl>, J. Michael Burgess <jmichaelburgess@gmail.com>, andrea tramacere <orion@Mac.homenet.telecomitalia.it>, andrea tramacere <orion@MacBook-Pro-3.home>, andrea tramacere <orion@MacBook-Pro-3.local>, andrea tramacere <orion@andreas-MacBook-Pro-4.local>, andrea tramacere <orion@dhcp-pennar-33.oapd.inaf.it>, andrea tramacere <orion@eduroam-4-72.mpi-hd.mpg.de>, andreatramacere <andrea.tramacere@gmail.com>";Most of the commits consisted of fixing minor details. Inactive for a while but picked back up.
elfi-dev_elfi;3439;50;1475485419;1746708077;283;62;2026-10-08;2019-06;2019-10;5;1132;4;steady;Other:Release;Other:Release;Active;Release:Automated bot contributions;The work was coming to a close;No;;"Returning: Bart Pelssers <pelssers@users.noreply.github.com>, Henri Pesonen <33959025+hpesonen@users.noreply.github.com>, Mehti Musayev <mehty.musaev@gmail.com>, Owen Thomas <omthomas@pk-sta-1216e.uio.no>, Xuhui Fan <xhfan.ml@gmail.com>, hpesonen <henri.e.pesonen@gmail.com>, pelssers <bartpelssers@gmail.com>; New: Ben Dudson <dudson2@llnl.gov>, Henri Pesonen <henri.e.pesonen@gmail.com>, Jan Kokko <jan.kokko@aalto.fi>, Jan Kokko <jan.kokko@helsinki.fi>, Jan Kokko <jankokko87@gmail.com>, Ryan Kelly <ryan@kiiii.com>, Ryan Kelly <ryankelly@kiiii.com>, RyanJafefKelly <ryan@kiiii.com>, Ulpu Remes <ulpu.remes@helsinki.fi>, Ulpu Remes <ulpu.remes@pm.me>, Vasilis Gkolemis <ntipakos@gmail.com>, Vasilis Gkolemis <vasilis.gkolemis@gmail.com>, Waldir <waldir@imb-0646.uio.no>, Waldir Leoncio <w.l.netto@medisin.uio.no>, Waldir Leoncio <waldir.leoncio@gmail.com>, Yannick Kuhn <62429912+YannickNoelStephanKuhn@users.noreply.github.com>, Yannick Kuhn <yannick.kuhn@dlr.de>, dependabot[bot] <49699333+dependabot[bot]@users.noreply.github.com>, givasile <vasilis.gkolemis@gmail.com>, ulpu <ulpu.remes@aalto.fi>, umv <umv@Ari-MacBook-Air.local>, uremes <uremes@users.noreply.github.com>";Last commit was back in May 2025. Project is done.
falkonml_falkon;1085;17;1592412606;1752740728;201;26;2026-05-13;2024-08;2025-06;11;14;1;declining;Other:Bug fixes;Other:Bug fixes;Active;Bug fixes:Other;The project became too difficult to finish.;Yes;Last activity was in July 2025;"Returning: Giacomo Meanti <gmeanti@inria.fr>, Giodiro <Giodiro@users.noreply.github.com>; New: none"; According to the last commit message, they final got the project up and running. The gap could be that they we're working on this "impossible" fix.
frankyeh_dsi-studio;9249;18;1345574784;1775852352;167;72;2026-10-09;;;0;0;0;irregular;;;Active;Other;N/A active Project;N/A active Project;N/A active Project;N/A active Project;Project never slowed down and is still being worked on. A few members later joined.
henriqueslab_zerocostdl4mic;1750;63;1581499133;1762347305;654;144;2026-10-06;2025-05;2025-05;1;31;0;irregular;Other:Feature development;Other:Bug fixes;Active;Other:Bug fixes;Fixing small issues. Very short gaps.;Yes;Project was never finished.;"Returning: Anthony Bilodeau <34163910+antho214@users.noreply.github.com>, Estibaliz Gómez-de-Mariscal <43643518+esgomezm@users.noreply.github.com>, IvanHCenalmor <47150974+IvanHCenalmor@users.noreply.github.com>, IvanHCenalmor <ivanhcenalmor@gmail.com>, Iván Hidalgo <47150974+IvanHCenalmor@users.noreply.github.com>; New: Joanna Pylvänäinen <74545655+jpylvanainen@users.noreply.github.com>, Joanna Pylvänäinen <Joanna.pylvanainen@gmail.com>, Leonor Morgado <100152251+leonor-morgado@users.noreply.github.com>";They were having dependency issues and version errors. Small errors that took a little time to fix.
juliamanifolds_manopt.jl;6046;73;1480068070;1762334369;427;52;2026-10-04;2017-08;2018-05;10;5979;3;cyclical;Feature development:Bug fixes;Documentation updates:Bug fixes;Active;Automated bot contributions:Feature development;Scheduled breaks;Yes;Work was picked up after break.;"Returning: none; New: Anton Schiela <anton.schiela@uni-bayreuth.de>, Bagaev Dmitry <bvdmitri@gmail.com>, Benoît Legat <benoit.legat@gmail.com>, CompatHelper Julia <compathelper_noreply@julialang.org>, Constantin <const-ae@users.noreply.github.com>, Daniel Karrasch <daniel.karrasch@posteo.de>, Daniel VandenHeuvel <95613936+DanielVandH@users.noreply.github.com>, DanielVandH <danj.vandenheuvel@gmail.com>, David P. Sanders <dpsanders@gmail.com>, Dehann Fourie <6412556+dehann@users.noreply.github.com>, Dehann Fourie <dehann@users.noreply.github.com>, Documenter.jl <documenter@juliadocs.github.io>, Felix Kastner <kastner.felix@gmail.com>, Florentin Goyens <florentingoyens@hotmail.com>, Fábio Meneghetti <1090663+fabiom@users.noreply.github.com>, Fábio Meneghetti <70hg6kqle@relay.firefox.com>, Hajg <hajg.jasa@ntnu.no>, Hajg Jasa <hajg.jasa@ntnu.no>, Harald Schilly <harald.schilly@gmail.com>, IWalds <97890775+IWalds@users.noreply.github.com>, Irène Waldspurger <waldspurger@ceremade.dauphine.fr>, Johannes Terblanche <6612981+Affie@users.noreply.github.com>, Johannes Terblanche <Affie@users.noreply.github.com>, Johannes VK <johannesvk@protonmail.com>, Johannes Voll Kolstø <johannesvk@protonmail.com>, Jonas Pueschel <jonas.pueschel@outlook.com>, Jonas Püschel <jonas.pueschel@uni-a.de>, Laura Weigl <Laura.Weigl@uni-bayreuth.de>, Lukas Devos <ldevos98@gmail.com>, Mateusz Baran <mateuszbaran89@gmail.com>, Mathieu Besançon <mathieu.besancon@gmail.com>, Mykola Lukashchuk <nikola.lukashuk@gmail.com>, Neven Sajko <s@purelymail.com>, Nick Dewaele <nick.dewaele@kuleuven.be>, Nikdwal <nickdewaele@gmail.com>, Oscar Dowson <odow@users.noreply.github.com>, Quentin Rebjock <quentin.rebjock@gmail.com>, Renée Dornig <renee.dornig@mathematik.tu-chemnitz.de>, Renée Dornig <renee.dornig@s2015.tu-chemnitz.de>, Ronny <git@ronnybergmann.net>, Ronny Bergmann <git@ronnybergmann.net>, Ronny Bergmann <ronny.bergmann@mathematik.tu-chemnitz.de>, Sacha Benarroch-Lelong <58950189+sblelong@users.noreply.github.com>, Sacha Benarroch-Lelong <sblelong+github@zaclys.net>, Stefanos Carlström <jagot@users.noreply.github.com>, Stefanos Carlström <stefanos.carlstrom@gmail.com>, Tim Quelch <tim@tquelch.com>, Tom-Christian Riemer <riemertom720@googlemail.com>, Tom-Christian Riemer <tom-christian.riemer@s2016.tu-chemnitz.de>, TomRiem <44520254+TomRiem@users.noreply.github.com>, TomRiem <riemertom720@googlemail.com>, Vaibhav Dixit <vaibhavyashdixit@gmail.com>, Vaibhav Kumar Dixit <vaibhavyashdixit@gmail.com>, const-ae <artjom31415@googlemail.com>, dependabot[bot] <49699333+dependabot[bot]@users.noreply.github.com>, freemin7 <25376460+freemin7@users.noreply.github.com>, github-actions[bot] <41898282+github-actions[bot]@users.noreply.github.com>, hajg-ijk <112711660+hajg-ijk@users.noreply.github.com>, jonas-pueschel <jonas.pueschel@outlook.com>, jonas-pueschel <jonas.pueschel@uni-a.de>, kellertuer <git@ronnybergmann.net>, lauraweigl <Laura.Weigl@uni-bayreuth.de>, mathiasrm1 <103418574+mathiasrm1@users.noreply.github.com>, mstokkenes <77609740+mstokkenes@users.noreply.github.com>, qrebjock <32330047+qrebjock@users.noreply.github.com>, r-dornig <63016651+r-dornig@users.noreply.github.com>, rikhuijzer <rikhuijzer@pm.me>, spaette <111918424+spaette@users.noreply.github.com>, spaette <spaette@gmx.com>, wdiepeveen <48252192+wdiepeveen@users.noreply.github.com>, wdiepeveen <willem_diep@hotmail.com>, zeptodoctor <44736852+zeptodoctor@users.noreply.github.com>";Maybe new members joined after each break to work on a different part of the project. The inactivity pattern is a little unclear.
mattjj_pyhsmm;1610;33;1332089141;1739056097;579;178;2025-01-25;2022-11;2024-12;26;8;8;steady;Other:Dependency updates;Other:Documentation updates;Inactive;Documentation updates:Other;Project Finished;Yes;To fix an issue;"Returning: Ameya Daigavane <ameya.d.98@gmail.com>, Bruno Abreu Calfa <bacalfa@gmail.com>, Matthew Johnson <mattjj@csail.mit.edu>, Nick Hoernle <nicholas.hoernle@gmail.com>, TrellixVulnTeam <112716341+TrellixVulnTeam@users.noreply.github.com>, audiracmichelle <audiracmichelle@gmail.com>; New: Andrea Pierré <6053592+kir0ul@users.noreply.github.com>";Project is done. I believe it was built for educational purposes and did not need constant updates.
micycle1_tinfour;746;7;1465156185;1760902709;0;0;2026-06-25;2021-10;2022-04;7;107;8;irregular;Other:Release;Bug fixes:Release;Active;Other:Bug fixes;Unclear, no issues nor pull request.;Yes;Not sure.;"Returning: Michael Carleton <micycle1@hotmail.co.uk>, gwlucastrig <contact.tinfour@gmail.com>; New: google-labs-jules[bot] <161369871+google-labs-jules[bot]@users.noreply.github.com>";No issues were founf and last commit was August 2025. Perhaps, the project is finished?
neuroml_pyneuroml;2868;42;1418234813;1758770947;53;35;2026-07-21;2016-10;2016-11;2;2509;0;irregular;Other:Release;Feature development:Other;Active;Automated bot contributions:Bug fixes;To fix small bugs;Yes;Project is still active as they had found new members and fixed bugs.;"Returning: Padraig Gleeson <p.gleeson@gmail.com>, Richard C Gerkin <rgerkin@asu.edu>; New: Aditya Pandey <147182147+AdityaBITMESRA@users.noreply.github.com>, Aditya Pandey <adityapand3y666@gmail.com>, AdityaBITMESRA <adityapand3y666@gmail.com>, Aleksei Sanin <aleksei.sanin@epfl.ch>, András Ecker <andras.ecker@epfl.ch>, Ankur Sinha (Ankur Sinha Gmail) <sanjay.ankur@gmail.com>, Ankur Sinha <sanjay.ankur@gmail.com>, Boris Marin <borismarin@gmail.com>, Chaitanya Chintaluri <ccluri@gmail.com>, David Lung <lungdm@gmail.com>, Dhruvanshu-Joshi <104030847+Dhruvanshu-Joshi@users.noreply.github.com>, Dhruvanshu-Joshi <dhruvanshu.joshi@gmail.com>, Giannis Daras <72049569+lej0hn@users.noreply.github.com>, Mark Watts <watts.mark2015@gmail.com>, Padraig  Gleeson <p.gleeson@gmail.com>, Padraig Gleeson <padraig@Padraigs-MacBook-Pro-M2.local>, Padraig Gleeson <padraig@Padraigs-MacBook-Pro.local>, Richard C Gerkin <rick1@gerkin.org>, Rick Gerkin <rick1@gerkin.org>, Robert Vickerstaff <r.vickerstaff@ucl.ac.uk>, Samkit Shah <83649264+samkitshah1262@users.noreply.github.com>, Shayan Shafquat <shafquat.shayan@gmail.com>, Stella <30465823+stellaprins@users.noreply.github.com>, Y. Budhachandra <budha627@gmail.com>, YBCS <budha627@gmail.com>, allcontributors[bot] <46447321+allcontributors[bot]@users.noreply.github.com>, asanin-epfl <53935643+asanin-epfl@users.noreply.github.com>, lej0hn <johnydaras@gmail.com>, lungd <lungdm@gmail.com>, pgleeson <p.gleeson@gmail.com>, rgerkin <rgerkin@asu.edu>, samkitshah1262 <samkitshah1262@gmail.com>, shayanshafquat <shafquat.shayan@gmail.com>";This project makes irregular but active commits. The inactivity gap was pretty short.
vinecopulib_pyvinecopulib;1116;16;1490689253;1760006141;128;23;2026-10-08;2018-06;2019-06;13;995;5;irregular;Other:Bug fixes;Other:Documentation updates;Active;Other:Release;The gap occurred during the project's early stages and the team was focused on getting it up and running.;Yes;New issues arrised and the team began focussing on fixing them.;"Returning: none; New: Lorenzo Pirritano <6698585+lorepirri@users.noreply.github.com>, Lorenzo Pirritano <lorepirri@gmail.com>, Robert Pollak <robert.pollak@jku.at>, Robert Pollak <robert.pollak@posteo.net>, Sylwester Arabas <sylwester.arabas@agh.edu.pl>, Sylwester Arabas <sylwester.arabas@uj.edu.pl>, Thibault Vatter <thibault.vatter@gmail.com>, Thomas Nagler <tnagler@users.noreply.github.com>, dmey <dmey@users.noreply.github.com>, tnagler <thomas.nagler@tum.de>"; Gap occurred early due to setting up the project. Activity began once people started to notice issues.
