Month;#Commits
2016-11;30.0
2016-12;11.0
2017-01;0.0
2017-02;0.0
2017-03;0.0
2017-04;0.0
2017-05;0.0
2017-06;9.0
2017-07;17.0
2017-08;0.0
2017-09;0.0
2017-10;0.0
2017-11;0.0
2017-12;0.0
2018-01;0.0
2018-02;0.0
2018-03;0.0
2018-04;0.0
2018-05;0.0
2018-06;9.0
2018-07;45.0
2018-08;29.0
2018-09;30.0
2018-10;42.0
2018-11;11.0
2018-12;1.0
2019-01;0.0
2019-02;0.0
2019-03;0.0
2019-04;0.0
2019-05;40.0
2019-06;70.0
2019-07;25.0
2019-08;29.0
2019-09;26.0
2019-10;43.0
2019-11;27.0
2019-12;14.0
2020-01;32.0
2020-02;29.0
2020-03;28.0
2020-04;79.0
2020-05;99.0
2020-06;39.0
2020-07;22.0
2020-08;11.0
2020-09;62.0
2020-10;89.0
2020-11;110.0
2020-12;92.0
2021-01;208.0
2021-02;99.0
2021-03;104.0
2021-04;103.0
2021-05;15.0
2021-06;33.0
2021-07;24.0
2021-08;11.0
2021-09;19.0
2021-10;38.0
2021-11;25.0
2021-12;50.0
2022-01;13.0
2022-02;65.0
2022-03;60.0
2022-04;80.0
2022-05;45.0
2022-06;23.0
2022-07;71.0
2022-08;50.0
2022-09;17.0
2022-10;17.0
2022-11;107.0
2022-12;121.0
2023-01;201.0
2023-02;123.0
2023-03;68.0
2023-04;117.0
2023-05;208.0
2023-06;150.0
2023-07;95.0
2023-08;74.0
2023-09;68.0
2023-10;128.0
2023-11;92.0
2023-12;89.0
2024-01;78.0
2024-02;134.0
2024-03;95.0
2024-04;119.0
2024-05;114.0
2024-06;155.0
2024-07;151.0
2024-08;161.0
2024-09;34.0
2024-10;57.0
2024-11;34.0
2024-12;61.0
2025-01;42.0
2025-02;54.0
2025-03;35.0
2025-04;110.0
2025-05;74.0
2025-06;116.0
2025-07;113.0
2025-08;55.0
2025-09;155.0
2025-10;51.0
2025-11;37.0
